# Redirects from Gatsby links to current link structure
/zeroless /posts/zeroless/
/personal-readme /posts/personal-readme/
/how-can-i-help-you /posts/how-can-i-help-you/
/deep-thinking-time /posts/deep-thinking-time/
/narrative-matters /posts/narrative-matters/
/i-used-to-hate-1on1s /posts/i-used-to-hate-1on1s/
/career-fears /posts/career-fears/
/being-an-engineer-makes-me-tick /posts/being-an-engineer-makes-me-tick/
/advice-to-those-onboarding /posts/advice-to-those-onboarding/
/the-low-hanging-fruits-of-technical-writing /posts/the-low-hanging-fruits-of-technical-writing/
/a-treatise-on-brag-docs-part-1 /posts/a-treatise-on-brag-docs-part-1/
/a-treatise-on-brag-docs-part-2 /posts/a-treatise-on-brag-docs-part-2/
/on-deserving /posts/on-deserving/
/the-most-insidious-career-mistake /posts/the-most-insidious-career-mistake/
/choose-to-score-b /posts/choose-to-score-b/
